Model,Manual MAE,Pipeline MAE
RNN,0.09478769180986236,0.1714513331352101
LSTM,0.1022977646210889,0.024147628077776685
GRU,0.01815578411336577,0.019946697789642937
